Population,Treatment,DamID,SlideID,PlacentaID,Image_Replicate,Points_No_Category,Points_MaternalBloodVolume,Points_FetalBloodVolume,Points_Tissue,Points_NucleiClump,TotalPoints,Pct_MaternalBloodVolume,Pct_FetalBloodVolume,Pct_Tissue,Pct_NucleiClump,Pct_TissNuc,Sum,Counter,Concat
1Lowlander,2Hypoxic,BW22,C1,P2,b,2,159,33,187,19,400,39.75,8.25,46.75,4.75,51.5,99.5,KK,BW22C1P2b
1Lowlander,1Normoxic,BW2,C1,P3,b,2,87,44,245,22,400,21.75,11,61.25,5.5,66.75,99.5,KK,BW2C1P3b
1Lowlander,2Hypoxic,BW15,A2,P1,c,2,146,45,182,25,400,36.5,11.25,45.5,6.25,51.75,99.5,KK,BW15A2P1c
1Lowlander,2Hypoxic,BW16,B1,P2,c,2,162,49,161,26,400,40.5,12.25,40.25,6.5,46.75,99.5,KK,BW16B1P2c
1Lowlander,1Normoxic,BW26,C1,P2,c,2,121,49,203,25,400,30.25,12.25,50.75,6.25,57,99.5,KK,BW26C1P2c
1Lowlander,2Hypoxic,BW28,A1,P1,c,2,146,49,190,13,400,36.5,12.25,47.5,3.25,50.75,99.5,KK,BW28A1P1c
1Lowlander,1Normoxic,BW38,A1,P2,c,2,135,49,198,16,400,33.75,12.25,49.5,4,53.5,99.5,KK,BW38A1P2c
1Lowlander,1Normoxic,BW38,A1,P3,c,2,127,51,198,22,400,31.75,12.75,49.5,5.5,55,99.5,KK,BW38A1P3c
1Lowlander,2Hypoxic,BW16,B1,P1,c,2,168,52,152,26,400,42,13,38,6.5,44.5,99.5,KK,BW16B1P1c
1Lowlander,1Normoxic,BW2,C1,P2,c,2,111,52,204,31,400,27.75,13,51,7.75,58.75,99.5,KK,BW2C1P2c
1Lowlander,1Normoxic,BW38,A1,P3,b,2,127,54,197,20,400,31.75,13.5,49.25,5,54.25,99.5,KK,BW38A1P3b
1Lowlander,2Hypoxic,BW22,C1,P1,b,2,126,56,187,29,400,31.5,14,46.75,7.25,54,99.5,KK,BW22C1P1b
1Lowlander,2Hypoxic,BW22,C1,P1,c,2,151,56,175,16,400,37.75,14,43.75,4,47.75,99.5,KK,BW22C1P1c
1Lowlander,2Hypoxic,BW22,C1,P2,c,2,149,56,176,17,400,37.25,14,44,4.25,48.25,99.5,KK,BW22C1P2c
1Lowlander,1Normoxic,BW38,A1,P1,c,2,160,56,154,28,400,40,14,38.5,7,45.5,99.5,KK,BW38A1P1c
1Lowlander,2Hypoxic,BW28,A1,P1,a,2,75,57,224,42,400,18.75,14.25,56,10.5,66.5,99.5,KK,BW28A1P1a
1Lowlander,1Normoxic,BW30,C1,P1,c,2,85,58,235,20,400,21.25,14.5,58.75,5,63.75,99.5,KK,BW30C1P1c
1Lowlander,2Hypoxic,BW28,A1,P1,b,2,87,59,223,29,400,21.75,14.75,55.75,7.25,63,99.5,KK,BW28A1P1b
1Lowlander,1Normoxic,BW2,C1,P3,c,2,107,60,213,18,400,26.75,15,53.25,4.5,57.75,99.5,KK,BW2C1P3c
1Lowlander,2Hypoxic,BW28,A1,P3,a,2,93,60,219,26,400,23.25,15,54.75,6.5,61.25,99.5,KK,BW28A1P3a
1Lowlander,1Normoxic,BW38,A1,P1,a,2,114,60,196,28,400,28.5,15,49,7,56,99.5,KK,BW38A1P1a
1Lowlander,2Hypoxic,BW28,A1,P3,c,2,88,62,216,32,400,22,15.5,54,8,62,99.5,KK,BW28A1P3c
1Lowlander,1Normoxic,BW38,A1,P2,a,2,111,62,195,30,400,27.75,15.5,48.75,7.5,56.25,99.5,KK,BW38A1P2a
1Lowlander,2Hypoxic,BW22,C1,P2,a,2,162,63,155,18,400,40.5,15.75,38.75,4.5,43.25,99.5,KK,BW22C1P2a
1Lowlander,1Normoxic,BW38,A1,P1,b,2,163,63,145,27,400,40.75,15.75,36.25,6.75,43,99.5,KK,BW38A1P1b
1Lowlander,1Normoxic,BW38,A1,P2,b,2,123,63,189,23,400,30.75,15.75,47.25,5.75,53,99.5,KK,BW38A1P2b
1Lowlander,2Hypoxic,BW16,B1,P3,c,2,137,64,166,31,400,34.25,16,41.5,7.75,49.25,99.5,KK,BW16B1P3c
1Lowlander,1Normoxic,BW2,C1,P1,a,2,132,64,179,23,400,33,16,44.75,5.75,50.5,99.5,KK,BW2C1P1a
1Lowlander,2Hypoxic,BW21,B1,P1,a,2,164,64,152,18,400,41,16,38,4.5,42.5,99.5,KK,BW21B1P1a
1Lowlander,1Normoxic,BW26,A1,P2,b,2,99,64,201,34,400,24.75,16,50.25,8.5,58.75,99.5,KK,BW26A1P2b
1Lowlander,2Hypoxic,BW28,A1,P2,a,2,117,64,195,22,400,29.25,16,48.75,5.5,54.25,99.5,KK,BW28A1P2a
1Lowlander,1Normoxic,BW2,C1,P3,a,2,108,66,200,24,400,27,16.5,50,6,56,99.5,KK,BW2C1P3a
1Lowlander,1Normoxic,BW2,C1,P1,c,2,109,67,200,22,400,27.25,16.75,50,5.5,55.5,99.5,KK,BW2C1P1c
1Lowlander,2Hypoxic,BW21,B1,P1,b,2,153,67,153,25,400,38.25,16.75,38.25,6.25,44.5,99.5,KK,BW21B1P1b
1Lowlander,2Hypoxic,BW15,A2,P3,c,2,172,68,139,19,400,43,17,34.75,4.75,39.5,99.5,KK,BW15A2P3c
1Lowlander,1Normoxic,BW2,C1,P1,b,2,119,68,197,14,400,29.75,17,49.25,3.5,52.75,99.5,KK,BW2C1P1b
1Lowlander,1Normoxic,BW26,C1,P1,b,2,93,69,209,27,400,23.25,17.25,52.25,6.75,59,99.5,KK,BW26C1P1b
1Lowlander,2Hypoxic,BW28,A1,P2,b,2,92,69,206,31,400,23,17.25,51.5,7.75,59.25,99.5,KK,BW28A1P2b
1Lowlander,2Hypoxic,BW15,A2,P1,a,2,141,71,166,20,400,35.25,17.75,41.5,5,46.5,99.5,KK,BW15A2P1a
1Lowlander,1Normoxic,BW2,C1,P2,a,2,117,72,182,27,400,29.25,18,45.5,6.75,52.25,99.5,KK,BW2C1P2a
1Lowlander,2Hypoxic,BW22,C1,P3,b,2,129,72,176,21,400,32.25,18,44,5.25,49.25,99.5,KK,BW22C1P3b
1Lowlander,2Hypoxic,BW21,B1,P2,c,2,143,73,154,28,400,35.75,18.25,38.5,7,45.5,99.5,KK,BW21B1P2c
1Lowlander,1Normoxic,BW38,A1,P3,a,2,123,74,174,27,400,30.75,18.5,43.5,6.75,50.25,99.5,KK,BW38A1P3a
1Lowlander,2Hypoxic,BW16,B1,P2,a,2,140,75,153,30,400,35,18.75,38.25,7.5,45.75,99.5,KK,BW16B1P2a
1Lowlander,1Normoxic,BW26,A1,P3,a,2,93,75,207,23,400,23.25,18.75,51.75,5.75,57.5,99.5,KK,BW26A1P3a
1Lowlander,2Hypoxic,BW22,C1,P3,a,2,123,76,180,19,400,30.75,19,45,4.75,49.75,99.5,KK,BW22C1P3a
1Lowlander,1Normoxic,BW26,C1,P3,a,2,113,76,181,28,400,28.25,19,45.25,7,52.25,99.5,KK,BW26C1P3a
1Lowlander,1Normoxic,BW26,A1,P1,c,2,123,77,178,20,400,30.75,19.25,44.5,5,49.5,99.5,KK,BW26A1P1c
1Lowlander,1Normoxic,BW26,A1,P2,c,2,114,77,181,26,400,28.5,19.25,45.25,6.5,51.75,99.5,KK,BW26A1P2c
1Lowlander,1Normoxic,BW26,C1,P2,b,2,100,77,201,20,400,25,19.25,50.25,5,55.25,99.5,KK,BW26C1P2b
1Lowlander,1Normoxic,BW2,C1,P2,b,2,117,78,183,20,400,29.25,19.5,45.75,5,50.75,99.5,KK,BW2C1P2b
1Lowlander,1Normoxic,BW26,A1,P1,a,2,77,78,217,26,400,19.25,19.5,54.25,6.5,60.75,99.5,KK,BW26A1P1a
1Lowlander,1Normoxic,BW26,A1,P1,b,2,82,79,215,22,400,20.5,19.75,53.75,5.5,59.25,99.5,KK,BW26A1P1b
1Lowlander,1Normoxic,BW30,C1,P2,b,2,59,79,242,18,400,14.75,19.75,60.5,4.5,65,99.5,KK,BW30C1P2b
1Lowlander,2Hypoxic,BW16,B1,P2,b,2,140,80,147,31,400,35,20,36.75,7.75,44.5,99.5,KK,BW16B1P2b
1Lowlander,1Normoxic,BW26,C1,P3,c,2,89,81,209,19,400,22.25,20.25,52.25,4.75,57,99.5,KK,BW26C1P3c
1Lowlander,2Hypoxic,BW21,B1,P3,c,2,132,82,137,47,400,33,20.5,34.25,11.75,46,99.5,KK,BW21B1P3c
1Lowlander,1Normoxic,BW26,C1,P2,a,2,105,82,189,22,400,26.25,20.5,47.25,5.5,52.75,99.5,KK,BW26C1P2a
1Lowlander,2Hypoxic,BW34,B1,P3,a,2,106,82,187,23,400,26.5,20.5,46.75,5.75,52.5,99.5,KJ,BW34B1P3a
1Lowlander,2Hypoxic,BW21,B1,P2,b,2,140,83,155,20,400,35,20.75,38.75,5,43.75,99.5,KK,BW21B1P2b
1Lowlander,1Normoxic,BW26,A1,P3,b,2,93,83,189,33,400,23.25,20.75,47.25,8.25,55.5,99.5,KK,BW26A1P3b
1Lowlander,1Normoxic,BW30,C1,P2,c,2,52,83,251,12,400,13,20.75,62.75,3,65.75,99.5,KK,BW30C1P2c
1Lowlander,2Hypoxic,BW22,C1,P1,a,2,128,84,164,22,400,32,21,41,5.5,46.5,99.5,KK,BW22C1P1a
1Lowlander,2Hypoxic,BW16,B1,P1,b,2,142,85,142,29,400,35.5,21.25,35.5,7.25,42.75,99.5,KK,BW16B1P1b
1Lowlander,2Hypoxic,BW15,A2,P1,b,2,121,86,165,26,400,30.25,21.5,41.25,6.5,47.75,99.5,KK,BW15A2P1b
1Lowlander,2Hypoxic,BW21,B1,P1,c,2,153,87,126,32,400,38.25,21.75,31.5,8,39.5,99.5,KK,BW21B1P1c
1Lowlander,1Normoxic,BW26,C1,P3,b,2,102,87,196,13,400,25.5,21.75,49,3.25,52.25,99.5,KK,BW26C1P3b
1Lowlander,2Hypoxic,BW15,A2,P3,a,2,128,88,161,21,400,32,22,40.25,5.25,45.5,99.5,KK,BW15A2P3a
1Lowlander,2Hypoxic,BW16,B1,P3,a,2,141,88,150,19,400,35.25,22,37.5,4.75,42.25,99.5,KK,BW16B1P3a
1Lowlander,1Normoxic,BW30,C1,P3,b,2,54,88,242,14,400,13.5,22,60.5,3.5,64,99.5,KK,BW30C1P3b
1Lowlander,2Hypoxic,BW32,B1,P3,b,2,99,88,186,25,400,24.75,22,46.5,6.25,52.75,99.5,KJ,BW32B1P3b
1Lowlander,2Hypoxic,BW28,A1,P3,b,2,97,89,189,23,400,24.25,22.25,47.25,5.75,53,99.5,KK,BW28A1P3b
1Lowlander,1Normoxic,BW30,C1,P1,b,2,44,89,248,17,400,11,22.25,62,4.25,66.25,99.5,KK,BW30C1P1b
1Lowlander,2Hypoxic,BW21,B1,P3,a,2,141,90,139,28,400,35.25,22.5,34.75,7,41.75,99.5,KK,BW21B1P3a
1Lowlander,2Hypoxic,BW15,A2,P2,c,2,120,92,158,28,400,30,23,39.5,7,46.5,99.5,KK,BW15A2P2c
1Lowlander,2Hypoxic,BW22,C1,P3,c,2,117,93,175,13,400,29.25,23.25,43.75,3.25,47,99.5,KK,BW22C1P3c
1Lowlander,1Normoxic,BW30,C1,P3,c,2,47,93,248,10,400,11.75,23.25,62,2.5,64.5,99.5,KK,BW30C1P3c
1Lowlander,2Hypoxic,BW34,B1,P2,c,2,102,94,182,20,400,25.5,23.5,45.5,5,50.5,99.5,KJ,BW34B1P2c
1Lowlander,1Normoxic,BW26,A1,P2,a,2,79,95,196,28,400,19.75,23.75,49,7,56,99.5,KK,BW26A1P2a
1Lowlander,2Hypoxic,BW34,B1,P3,c,2,74,95,201,28,400,18.5,23.75,50.25,7,57.25,99.5,KJ,BW34B1P3c
1Lowlander,1Normoxic,BW26,C1,P1,c,2,59,96,205,38,400,14.75,24,51.25,9.5,60.75,99.5,KK,BW26C1P1c
1Lowlander,1Normoxic,BW30,C1,P2,a,2,78,96,213,11,400,19.5,24,53.25,2.75,56,99.5,KK,BW30C1P2a
1Lowlander,2Hypoxic,BW34,B1,P1,a,2,86,96,194,22,400,21.5,24,48.5,5.5,54,99.5,KJ,BW34B1P1a
1Lowlander,1Normoxic,BW45,A1,P3,b,2,124,96,148,30,400,31,24,37,7.5,44.5,99.5,KJ,BW45A1P3b
1Lowlander,2Hypoxic,BW15,A2,P2,a,2,158,97,124,19,400,39.5,24.25,31,4.75,35.75,99.5,KK,BW15A2P2a
1Lowlander,1Normoxic,BW26,A1,P3,c,2,90,97,187,24,400,22.5,24.25,46.75,6,52.75,99.5,KK,BW26A1P3c
1Lowlander,2Hypoxic,BW16,B1,P1,a,2,110,98,162,28,400,27.5,24.5,40.5,7,47.5,99.5,KK,BW16B1P1a
1Lowlander,1Normoxic,BW39,A2,P1,b,2,59,98,222,19,400,14.75,24.5,55.5,4.75,60.25,99.5,KJ,BW39A2P1b
1Lowlander,1Normoxic,BW44,A1,P3,b,2,95,98,194,11,400,23.75,24.5,48.5,2.75,51.25,99.5,KJ,BW44A1P3b
1Lowlander,2Hypoxic,BW34,B1,P2,a,2,78,99,190,31,400,19.5,24.75,47.5,7.75,55.25,99.5,KJ,BW34B1P2a
1Lowlander,1Normoxic,BW41,C1,P2,a,2,127,99,145,27,400,31.75,24.75,36.25,6.75,43,99.5,KJ,BW41C1P2a
1Lowlander,2Hypoxic,BW16,B1,P3,b,2,120,100,153,25,400,30,25,38.25,6.25,44.5,99.5,KK,BW16B1P3b
1Lowlander,1Normoxic,BW44,A1,P2,a,2,93,100,189,16,400,23.25,25,47.25,4,51.25,99.5,KJ,BW44A1P2a
1Lowlander,1Normoxic,BW39,A2,P1,a,2,55,101,211,31,400,13.75,25.25,52.75,7.75,60.5,99.5,KJ,BW39A2P1a
1Lowlander,1Normoxic,BW43,B2,P2,b,2,82,101,188,27,400,20.5,25.25,47,6.75,53.75,99.5,KJ,BW43B2P2b
1Lowlander,1Normoxic,BW44,A1,P2,c,2,107,102,174,15,400,26.75,25.5,43.5,3.75,47.25,99.5,KJ,BW44A1P2c
1Lowlander,1Normoxic,BW44,A1,P3,c,2,70,102,210,16,400,17.5,25.5,52.5,4,56.5,99.5,KJ,BW44A1P3c
1Lowlander,2Hypoxic,BW28,C1,P2,c,2,89,103,162,44,400,22.25,25.75,40.5,11,51.5,99.5,KJ,BW28C1P2c
1Lowlander,1Normoxic,BW45,A1,P3,a,2,117,104,155,22,400,29.25,26,38.75,5.5,44.25,99.5,KJ,BW45A1P3a
1Lowlander,2Hypoxic,BW15,A2,P2,b,2,133,106,136,23,400,33.25,26.5,34,5.75,39.75,99.5,KK,BW15A2P2b
1Lowlander,1Normoxic,BW41,C1,P1,a,2,80,107,178,33,400,20,26.75,44.5,8.25,52.75,99.5,KJ,BW41C1P1a
1Lowlander,1Normoxic,BW41,C1,P1,c,2,89,107,166,36,400,22.25,26.75,41.5,9,50.5,99.5,KJ,BW41C1P1c
1Lowlander,1Normoxic,BW41,C1,P3,b,2,117,107,155,19,400,29.25,26.75,38.75,4.75,43.5,99.5,KJ,BW41C1P3b
1Lowlander,2Hypoxic,BW28,C1,P1,a,2,85,108,173,32,400,21.25,27,43.25,8,51.25,99.5,KJ,BW28C1P1a
1Lowlander,2Hypoxic,BW32,A1,P2,a,2,46,108,217,27,400,11.5,27,54.25,6.75,61,99.5,KJ,BW32A1P2a
1Lowlander,1Normoxic,BW45,A1,P1,a,2,85,110,177,26,400,21.25,27.5,44.25,6.5,50.75,99.5,KJ,BW45A1P1a
1Lowlander,2Hypoxic,BW28,C1,P2,b,2,87,111,174,26,400,21.75,27.75,43.5,6.5,50,99.5,KJ,BW28C1P2b
1Lowlander,1Normoxic,BW39,A2,P3,a,2,57,111,203,27,400,14.25,27.75,50.75,6.75,57.5,99.5,KJ,BW39A2P3a
1Lowlander,1Normoxic,BW43,B2,P1,a,2,85,111,180,22,400,21.25,27.75,45,5.5,50.5,99.5,KJ,BW43B2P1a
1Lowlander,2Hypoxic,BW21,B1,P3,b,2,111,112,135,40,400,27.75,28,33.75,10,43.75,99.5,KK,BW21B1P3b
1Lowlander,2Hypoxic,BW28,C1,P1,c,2,96,112,157,33,400,24,28,39.25,8.25,47.5,99.5,KJ,BW28C1P1c
1Lowlander,2Hypoxic,BW34,B1,P3,b,2,75,112,187,24,400,18.75,28,46.75,6,52.75,99.5,KJ,BW34B1P3b
1Lowlander,1Normoxic,BW39,A2,P2,a,2,45,112,223,18,400,11.25,28,55.75,4.5,60.25,99.5,KJ,BW39A2P2a
1Lowlander,1Normoxic,BW39,A2,P2,c,2,50,112,213,23,400,12.5,28,53.25,5.75,59,99.5,KJ,BW39A2P2c
1Lowlander,1Normoxic,BW44,A1,P1,a,2,97,112,169,20,400,24.25,28,42.25,5,47.25,99.5,KJ,BW44A1P1a
1Lowlander,1Normoxic,BW45,A1,P3,c,2,101,113,161,23,400,25.25,28.25,40.25,5.75,46,99.5,KJ,BW45A1P3c
1Lowlander,1Normoxic,BW39,A2,P1,c,2,47,114,216,21,400,11.75,28.5,54,5.25,59.25,99.5,KJ,BW39A2P1c
1Lowlander,1Normoxic,BW26,C1,P1,a,2,79,115,186,18,400,19.75,28.75,46.5,4.5,51,99.5,KK,BW26C1P1a
1Lowlander,2Hypoxic,BW32,A1,P2,b,2,60,116,194,28,400,15,29,48.5,7,55.5,99.5,KJ,BW32A1P2b
1Lowlander,1Normoxic,BW43,B2,P1,b,2,98,116,162,22,400,24.5,29,40.5,5.5,46,99.5,KJ,BW43B2P1b
1Lowlander,1Normoxic,BW44,A1,P2,b,2,95,116,167,20,400,23.75,29,41.75,5,46.75,99.5,KJ,BW44A1P2b
1Lowlander,2Hypoxic,BW28,C1,P3,a,2,95,117,174,12,400,23.75,29.25,43.5,3,46.5,99.5,KJ,BW28C1P3a
1Lowlander,1Normoxic,BW41,C1,P3,c,2,103,117,158,20,400,25.75,29.25,39.5,5,44.5,99.5,KJ,BW41C1P3c
1Lowlander,2Hypoxic,BW21,B1,P2,a,2,128,119,130,21,400,32,29.75,32.5,5.25,37.75,99.5,KK,BW21B1P2a
1Lowlander,2Hypoxic,BW32,B1,P2,a,2,81,119,178,20,400,20.25,29.75,44.5,5,49.5,99.5,KJ,BW32B1P2a
1Lowlander,2Hypoxic,BW32,B1,P2,c,2,62,119,188,29,400,15.5,29.75,47,7.25,54.25,99.5,KJ,BW32B1P2c
1Lowlander,2Hypoxic,BW32,A1,P3,c,2,59,120,185,34,400,14.75,30,46.25,8.5,54.75,99.5,KJ,BW32A1P3c
1Lowlander,1Normoxic,BW45,A1,P1,c,2,101,120,129,48,400,25.25,30,32.25,12,44.25,99.5,KJ,BW45A1P1c
1Lowlander,2Hypoxic,BW32,B1,P1,c,2,61,121,184,32,400,15.25,30.25,46,8,54,99.5,KJ,BW32B1P1c
1Lowlander,2Hypoxic,BW32,B1,P2,b,2,65,121,187,25,400,16.25,30.25,46.75,6.25,53,99.5,KJ,BW32B1P2b
1Lowlander,2Hypoxic,BW34,B1,P1,b,2,87,121,168,22,400,21.75,30.25,42,5.5,47.5,99.5,KJ,BW34B1P1b
1Lowlander,1Normoxic,BW39,A2,P3,c,2,48,122,201,27,400,12,30.5,50.25,6.75,57,99.5,KJ,BW39A2P3c
1Lowlander,1Normoxic,BW45,A1,P1,b,2,61,122,189,26,400,15.25,30.5,47.25,6.5,53.75,99.5,KJ,BW45A1P1b
1Lowlander,1Normoxic,BW43,B2,P2,a,2,71,123,175,29,400,17.75,30.75,43.75,7.25,51,99.5,KJ,BW43B2P2a
1Lowlander,1Normoxic,BW44,A1,P3,a,2,99,123,161,15,400,24.75,30.75,40.25,3.75,44,99.5,KJ,BW44A1P3a
1Lowlander,2Hypoxic,BW32,A1,P1,b,2,90,124,154,30,400,22.5,31,38.5,7.5,46,99.5,KJ,BW32A1P1b
1Lowlander,2Hypoxic,BW32,B1,P3,a,2,73,124,183,18,400,18.25,31,45.75,4.5,50.25,99.5,KJ,BW32B1P3a
1Lowlander,2Hypoxic,BW28,C1,P1,b,2,81,128,161,28,400,20.25,32,40.25,7,47.25,99.5,KJ,BW28C1P1b
1Lowlander,2Hypoxic,BW28,C1,P3,b,2,81,129,160,28,400,20.25,32.25,40,7,47,99.5,KJ,BW28C1P3b
1Lowlander,1Normoxic,BW45,A1,P2,b,2,107,129,136,26,400,26.75,32.25,34,6.5,40.5,99.5,KJ,BW45A1P2b
1Lowlander,1Normoxic,BW44,A1,P1,c,2,84,130,163,21,400,21,32.5,40.75,5.25,46,99.5,KJ,BW44A1P1c
1Lowlander,1Normoxic,BW45,A1,P2,a,2,81,130,159,28,400,20.25,32.5,39.75,7,46.75,99.5,KJ,BW45A1P2a
1Lowlander,1Normoxic,BW41,C1,P2,b,2,94,131,141,32,400,23.5,32.75,35.25,8,43.25,99.5,KJ,BW41C1P2b
1Lowlander,1Normoxic,BW39,A2,P2,b,2,40,132,193,33,400,10,33,48.25,8.25,56.5,99.5,KJ,BW39A2P2b
1Lowlander,1Normoxic,BW39,A2,P3,b,2,54,132,183,29,400,13.5,33,45.75,7.25,53,99.5,KJ,BW39A2P3b
1Lowlander,1Normoxic,BW41,C1,P2,c,2,109,132,140,17,400,27.25,33,35,4.25,39.25,99.5,KJ,BW41C1P2c
1Lowlander,1Normoxic,BW43,B2,P3,b,2,72,132,182,12,400,18,33,45.5,3,48.5,99.5,KJ,BW43B2P3b
1Lowlander,2Hypoxic,BW28,C1,P2,a,2,82,133,157,26,400,20.5,33.25,39.25,6.5,45.75,99.5,KJ,BW28C1P2a
1Lowlander,2Hypoxic,BW32,B1,P1,a,2,57,134,178,29,400,14.25,33.5,44.5,7.25,51.75,99.5,KJ,BW32B1P1a
1Lowlander,2Hypoxic,BW34,B1,P1,c,2,65,135,182,16,400,16.25,33.75,45.5,4,49.5,99.5,KJ,BW34B1P1c
1Lowlander,1Normoxic,BW44,A1,P1,b,2,83,135,164,16,400,20.75,33.75,41,4,45,99.5,KJ,BW44A1P1b
1Lowlander,1Normoxic,BW43,B2,P3,a,2,55,136,194,13,400,13.75,34,48.5,3.25,51.75,99.5,KJ,BW43B2P3a
1Lowlander,1Normoxic,BW45,A1,P2,c,2,82,136,150,30,400,20.5,34,37.5,7.5,45,99.5,KJ,BW45A1P2c
1Lowlander,1Normoxic,BW41,C1,P3,a,2,80,137,161,20,400,20,34.25,40.25,5,45.25,99.5,KJ,BW41C1P3a
1Lowlander,1Normoxic,BW43,B2,P3,c,2,86,139,152,21,400,21.5,34.75,38,5.25,43.25,99.5,KJ,BW43B2P3c
1Lowlander,2Hypoxic,BW32,A1,P3,a,2,61,140,168,29,400,15.25,35,42,7.25,49.25,99.5,KJ,BW32A1P3a
1Lowlander,2Hypoxic,BW32,B1,P3,c,2,46,140,182,30,400,11.5,35,45.5,7.5,53,99.5,KJ,BW32B1P3c
1Lowlander,2Hypoxic,BW32,A1,P2,c,2,55,142,177,24,400,13.75,35.5,44.25,6,50.25,99.5,KJ,BW32A1P2c
1Lowlander,2Hypoxic,BW32,A1,P1,c,2,30,143,198,27,400,7.5,35.75,49.5,6.75,56.25,99.5,KJ,BW32A1P1c
1Lowlander,1Normoxic,BW41,C1,P1,b,2,91,147,137,23,400,22.75,36.75,34.25,5.75,40,99.5,KJ,BW41C1P1b
1Lowlander,2Hypoxic,BW32,A1,P1,a,2,54,149,170,25,400,13.5,37.25,42.5,6.25,48.75,99.5,KJ,BW32A1P1a
1Lowlander,2Hypoxic,BW28,C1,P3,c,2,83,155,142,18,400,20.75,38.75,35.5,4.5,40,99.5,KJ,BW28C1P3c
1Lowlander,1Normoxic,BW43,B2,P1,c,2,65,156,161,16,400,16.25,39,40.25,4,44.25,99.5,KJ,BW43B2P1c
1Lowlander,2Hypoxic,BW32,B1,P1,b,2,48,157,166,27,400,12,39.25,41.5,6.75,48.25,99.5,KJ,BW32B1P1b
1Lowlander,2Hypoxic,BW32,A1,P3,b,2,47,161,161,29,400,11.75,40.25,40.25,7.25,47.5,99.5,KJ,BW32A1P3b
1Lowlander,1Normoxic,BW43,B2,P2,c,2,39,165,174,20,400,9.75,41.25,43.5,5,48.5,99.5,KJ,BW43B2P2c
2Highlander,1Normoxic,ME23,A1,P1,c,2,149,31,202,16,400,37.25,7.75,50.5,4,54.5,99.5,KK,ME23A1P1c
2Highlander,1Normoxic,ME15,C2,P2,b,2,122,33,226,17,400,30.5,8.25,56.5,4.25,60.75,99.5,KK,ME15C2P2b
2Highlander,2Hypoxic,ME24,B1,P1,c,2,205,33,148,12,400,51.25,8.25,37,3,40,99.5,KK,ME24B1P1c
2Highlander,1Normoxic,ME38,A1,P3,b,2,114,33,230,21,400,28.5,8.25,57.5,5.25,62.75,99.5,KK,ME38A1P3b
2Highlander,1Normoxic,ME23,A1,P1,a,2,153,34,187,24,400,38.25,8.5,46.75,6,52.75,99.5,KK,ME23A1P1a
2Highlander,1Normoxic,ME38,A1,P2,c,2,99,34,244,21,400,24.75,8.5,61,5.25,66.25,99.5,KK,ME38A1P2c
2Highlander,1Normoxic,ME15,C2,P1,a,2,159,35,182,22,400,39.75,8.75,45.5,5.5,51,99.5,KK,ME15C2P1a
2Highlander,1Normoxic,ME15,C2,P3,c,2,111,35,221,31,400,27.75,8.75,55.25,7.75,63,99.5,KK,ME15C2P3c
2Highlander,2Hypoxic,ME10,C2,P1,b,2,108,36,231,23,400,27,9,57.75,5.75,63.5,99.5,KK,ME10C2P1b
2Highlander,2Hypoxic,ME10,C2,P3,a,2,128,36,214,20,400,32,9,53.5,5,58.5,99.5,KK,ME10C2P3a
2Highlander,1Normoxic,ME23,A1,P2,b,2,126,37,221,14,400,31.5,9.25,55.25,3.5,58.75,99.5,KK,ME23A1P2b
2Highlander,1Normoxic,ME23,A1,P3,c,2,111,37,233,17,400,27.75,9.25,58.25,4.25,62.5,99.5,KK,ME23A1P3c
2Highlander,1Normoxic,ME15,C2,P3,b,2,170,38,169,21,400,42.5,9.5,42.25,5.25,47.5,99.5,KK,ME15C2P3b
2Highlander,2Hypoxic,ME24,C1,P3,a,2,121,38,219,20,400,30.25,9.5,54.75,5,59.75,99.5,KK,ME24C1P3a
2Highlander,2Hypoxic,ME10,C2,P1,a,2,98,39,231,30,400,24.5,9.75,57.75,7.5,65.25,99.5,KK,ME10C2P1a
2Highlander,2Hypoxic,ME10,C2,P3,c,2,131,42,211,14,400,32.75,10.5,52.75,3.5,56.25,99.5,KK,ME10C2P3c
2Highlander,1Normoxic,ME23,A1,P3,b,2,117,43,227,11,400,29.25,10.75,56.75,2.75,59.5,99.5,KK,ME23A1P3b
2Highlander,1Normoxic,ME15,C2,P2,c,2,151,44,188,15,400,37.75,11,47,3.75,50.75,99.5,KK,ME15C2P2c
2Highlander,1Normoxic,ME23,A1,P1,b,2,101,44,232,21,400,25.25,11,58,5.25,63.25,99.5,KK,ME23A1P1b
2Highlander,1Normoxic,ME23,A1,P3,a,2,117,44,217,20,400,29.25,11,54.25,5,59.25,99.5,KK,ME23A1P3a
2Highlander,2Hypoxic,ME24,C1,P1,c,2,133,45,212,8,400,33.25,11.25,53,2,55,99.5,KK,ME24C1P1c
2Highlander,2Hypoxic,ME24,C1,P3,b,2,187,45,154,12,400,46.75,11.25,38.5,3,41.5,99.5,KK,ME24C1P3b
2Highlander,1Normoxic,ME15,C2,P2,a,2,137,46,190,25,400,34.25,11.5,47.5,6.25,53.75,99.5,KK,ME15C2P2a
2Highlander,1Normoxic,ME15,C2,P3,a,2,124,46,217,11,400,31,11.5,54.25,2.75,57,99.5,KK,ME15C2P3a
2Highlander,1Normoxic,ME202,C1,P1,c,2,169,47,146,36,400,42.25,11.75,36.5,9,45.5,99.5,KJ,ME202C1P1c
2Highlander,2Hypoxic,ME22,C2,P1,c,2,160,47,174,17,400,40,11.75,43.5,4.25,47.75,99.5,KK,ME22C2P1c
2Highlander,1Normoxic,ME23,A1,P2,c,2,104,47,234,13,400,26,11.75,58.5,3.25,61.75,99.5,KK,ME23A1P2c
2Highlander,2Hypoxic,ME24,C1,P2,b,2,133,47,203,15,400,33.25,11.75,50.75,3.75,54.5,99.5,KK,ME24C1P2b
2Highlander,1Normoxic,ME38,A1,P1,c,2,90,47,251,10,400,22.5,11.75,62.75,2.5,65.25,99.5,KK,ME38A1P1c
2Highlander,1Normoxic,ME39,B1,P2,a,2,109,48,222,19,400,27.25,12,55.5,4.75,60.25,99.5,KK,ME39B1P2a
2Highlander,2Hypoxic,ME24,C1,P1,b,2,127,49,205,17,400,31.75,12.25,51.25,4.25,55.5,99.5,KK,ME24C1P1b
2Highlander,2Hypoxic,ME24,C1,P2,a,2,145,49,190,14,400,36.25,12.25,47.5,3.5,51,99.5,KK,ME24C1P2a
2Highlander,2Hypoxic,ME45,C1,P2,c,2,159,49,166,24,400,39.75,12.25,41.5,6,47.5,99.5,KK,ME45C1P2c
2Highlander,2Hypoxic,ME22,C2,P2,c,2,150,50,175,23,400,37.5,12.5,43.75,5.75,49.5,99.5,KK,ME22C2P2c
2Highlander,1Normoxic,ME30,C1,P3,b,2,121,50,213,14,400,30.25,12.5,53.25,3.5,56.75,99.5,KK,ME30C1P3b
2Highlander,1Normoxic,ME15,C2,P1,b,2,115,51,220,12,400,28.75,12.75,55,3,58,99.5,KK,ME15C2P1b
2Highlander,1Normoxic,ME39,B1,P1,a,2,102,53,224,19,400,25.5,13.25,56,4.75,60.75,99.5,KK,ME39B1P1a
2Highlander,2Hypoxic,ME24,B1,P2,a,2,137,54,188,19,400,34.25,13.5,47,4.75,51.75,99.5,KK,ME24B1P2a
2Highlander,1Normoxic,ME38,A1,P2,b,2,69,54,263,12,400,17.25,13.5,65.75,3,68.75,99.5,KK,ME38A1P2b
2Highlander,1Normoxic,ME38,A1,P3,c,2,68,54,253,23,400,17,13.5,63.25,5.75,69,99.5,KK,ME38A1P3c
2Highlander,1Normoxic,ME232,C1b,P2,c,2,147,55,164,32,400,36.75,13.75,41,8,49,99.5,KJ,ME232C1bP2c
2Highlander,1Normoxic,ME30,C1,P2,c,2,137,55,192,14,400,34.25,13.75,48,3.5,51.5,99.5,KK,ME30C1P2c
2Highlander,2Hypoxic,ME45,C1,P3,c,2,127,55,189,27,400,31.75,13.75,47.25,6.75,54,99.5,KK,ME45C1P3c
2Highlander,1Normoxic,ME15,C2,P1,c,2,98,56,232,12,400,24.5,14,58,3,61,99.5,KK,ME15C2P1c
2Highlander,1Normoxic,ME23,A1,P2,a,2,122,57,211,8,400,30.5,14.25,52.75,2,54.75,99.5,KK,ME23A1P2a
2Highlander,2Hypoxic,ME24,B1,P2,b,2,130,57,191,20,400,32.5,14.25,47.75,5,52.75,99.5,KK,ME24B1P2b
2Highlander,2Hypoxic,ME24,B1,P2,c,2,126,57,198,17,400,31.5,14.25,49.5,4.25,53.75,99.5,KK,ME24B1P2c
2Highlander,1Normoxic,ME30,C1,P2,a,2,109,58,211,20,400,27.25,14.5,52.75,5,57.75,99.5,KK,ME30C1P2a
2Highlander,1Normoxic,ME38,A1,P1,b,2,109,58,216,15,400,27.25,14.5,54,3.75,57.75,99.5,KK,ME38A1P1b
2Highlander,2Hypoxic,ME203,A1,P1,b,2,173,59,135,31,400,43.25,14.75,33.75,7.75,41.5,99.5,KJ,ME203A1P1b
2Highlander,2Hypoxic,ME24,B1,P1,a,2,160,59,169,10,400,40,14.75,42.25,2.5,44.75,99.5,KK,ME24B1P1a
2Highlander,2Hypoxic,ME24,B1,P3,a,2,124,59,190,25,400,31,14.75,47.5,6.25,53.75,99.5,KK,ME24B1P3a
2Highlander,2Hypoxic,ME24,B1,P3,b,2,129,59,187,23,400,32.25,14.75,46.75,5.75,52.5,99.5,KK,ME24B1P3b
2Highlander,2Hypoxic,ME24,B1,P3,c,2,163,59,160,16,400,40.75,14.75,40,4,44,99.5,KK,ME24B1P3c
2Highlander,2Hypoxic,ME22,C2,P1,a,2,153,61,159,25,400,38.25,15.25,39.75,6.25,46,99.5,KK,ME22C2P1a
2Highlander,2Hypoxic,ME22,C2,P2,b,2,143,61,170,24,400,35.75,15.25,42.5,6,48.5,99.5,KK,ME22C2P2b
2Highlander,2Hypoxic,ME22,C2,P3,c,2,142,61,174,21,400,35.5,15.25,43.5,5.25,48.75,99.5,KK,ME22C2P3c
2Highlander,1Normoxic,ME39,B1,P1,c,2,85,61,234,18,400,21.25,15.25,58.5,4.5,63,99.5,KK,ME39B1P1c
2Highlander,2Hypoxic,ME45,C1,P2,b,2,147,61,163,27,400,36.75,15.25,40.75,6.75,47.5,99.5,KK,ME45C1P2b
2Highlander,1Normoxic,ME38,A1,P3,a,2,34,63,284,17,400,8.5,15.75,71,4.25,75.25,99.5,KK,ME38A1P3a
2Highlander,2Hypoxic,ME45,C1,P1,c,2,127,63,181,27,400,31.75,15.75,45.25,6.75,52,99.5,KK,ME45C1P1c
2Highlander,2Hypoxic,ME22,C2,P1,b,2,130,64,181,23,400,32.5,16,45.25,5.75,51,99.5,KK,ME22C2P1b
2Highlander,1Normoxic,ME39,B1,P1,b,2,96,64,218,20,400,24,16,54.5,5,59.5,99.5,KK,ME39B1P1b
2Highlander,2Hypoxic,ME45,C1,P3,b,2,103,64,209,22,400,25.75,16,52.25,5.5,57.75,99.5,KK,ME45C1P3b
2Highlander,1Normoxic,ME202,C1,P2,c,2,156,65,135,42,400,39,16.25,33.75,10.5,44.25,99.5,KJ,ME202C1P2c
2Highlander,2Hypoxic,ME10,C2,P3,b,2,105,66,203,24,400,26.25,16.5,50.75,6,56.75,99.5,KK,ME10C2P3b
2Highlander,2Hypoxic,ME236,A2,P2,b,2,117,66,156,59,400,29.25,16.5,39,14.75,53.75,99.5,KJ,ME236A2P2b
2Highlander,2Hypoxic,ME203,A1,P1,a,2,167,67,128,36,400,41.75,16.75,32,9,41,99.5,KJ,ME203A1P1a
2Highlander,1Normoxic,ME202,C1,P1,a,2,143,68,130,57,400,35.75,17,32.5,14.25,46.75,99.5,KJ,ME202C1P1a
2Highlander,2Hypoxic,ME22,C2,P3,a,2,143,68,173,14,400,35.75,17,43.25,3.5,46.75,99.5,KK,ME22C2P3a
2Highlander,2Hypoxic,ME45,C1,P3,a,2,126,68,188,16,400,31.5,17,47,4,51,99.5,KK,ME45C1P3a
2Highlander,2Hypoxic,ME236,B2,P2,a,2,125,69,171,33,400,31.25,17.25,42.75,8.25,51,99.5,KJ,ME236B2P2a
2Highlander,2Hypoxic,ME24,C1,P2,c,2,114,69,202,13,400,28.5,17.25,50.5,3.25,53.75,99.5,KK,ME24C1P2c
2Highlander,1Normoxic,ME38,A1,P2,a,2,43,69,259,27,400,10.75,17.25,64.75,6.75,71.5,99.5,KK,ME38A1P2a
2Highlander,1Normoxic,ME232,C1a,P3,c,2,124,70,161,43,400,31,17.5,40.25,10.75,51,99.5,KJ,ME232C1aP3c
2Highlander,2Hypoxic,ME236,B2,P3,a,2,144,70,151,33,400,36,17.5,37.75,8.25,46,99.5,KJ,ME236B2P3a
2Highlander,2Hypoxic,ME10,C2,P1,c,2,125,71,192,10,400,31.25,17.75,48,2.5,50.5,99.5,KK,ME10C2P1c
2Highlander,1Normoxic,ME39,B1,P2,b,2,99,71,207,21,400,24.75,17.75,51.75,5.25,57,99.5,KK,ME39B1P2b
2Highlander,1Normoxic,ME39,B1,P3,a,2,120,72,186,20,400,30,18,46.5,5,51.5,99.5,KK,ME39B1P3a
2Highlander,1Normoxic,ME39,B1,P3,b,2,98,72,209,19,400,24.5,18,52.25,4.75,57,99.5,KK,ME39B1P3b
2Highlander,1Normoxic,ME202,C1,P1,b,2,147,73,148,30,400,36.75,18.25,37,7.5,44.5,99.5,KJ,ME202C1P1b
2Highlander,1Normoxic,ME202,C1,P2,a,2,122,73,167,36,400,30.5,18.25,41.75,9,50.75,99.5,KJ,ME202C1P2a
2Highlander,2Hypoxic,ME24,C1,P1,a,2,133,74,178,13,400,33.25,18.5,44.5,3.25,47.75,99.5,KK,ME24C1P1a
2Highlander,2Hypoxic,ME10,C2,P2,a,2,121,75,186,16,400,30.25,18.75,46.5,4,50.5,99.5,KK,ME10C2P2a
2Highlander,1Normoxic,ME202,C1,P3,c,2,105,75,170,48,400,26.25,18.75,42.5,12,54.5,99.5,KJ,ME202C1P3c
2Highlander,2Hypoxic,ME24,C1,P3,c,2,125,75,188,10,400,31.25,18.75,47,2.5,49.5,99.5,KK,ME24C1P3c
2Highlander,1Normoxic,ME30,C1,P1,b,2,98,75,217,8,400,24.5,18.75,54.25,2,56.25,99.5,KK,ME30C1P1b
2Highlander,1Normoxic,ME38,A1,P1,a,2,52,75,245,26,400,13,18.75,61.25,6.5,67.75,99.5,KK,ME38A1P1a
2Highlander,2Hypoxic,ME236,B2,P1,a,2,145,78,130,45,400,36.25,19.5,32.5,11.25,43.75,99.5,KJ,ME236B2P1a
2Highlander,1Normoxic,ME39,B1,P3,c,2,69,78,227,24,400,17.25,19.5,56.75,6,62.75,99.5,KK,ME39B1P3c
2Highlander,2Hypoxic,ME10,C2,P2,c,2,112,79,187,20,400,28,19.75,46.75,5,51.75,99.5,KK,ME10C2P2c
2Highlander,2Hypoxic,ME203,A1,P2,b,2,132,79,152,35,400,33,19.75,38,8.75,46.75,99.5,KJ,ME203A1P2b
2Highlander,1Normoxic,ME202,C1,P3,a,2,154,80,125,39,400,38.5,20,31.25,9.75,41,99.5,KJ,ME202C1P3a
2Highlander,2Hypoxic,ME236,B2,P3,c,2,125,80,158,35,400,31.25,20,39.5,8.75,48.25,99.5,KJ,ME236B2P3c
2Highlander,1Normoxic,ME30,C1,P3,c,2,96,80,212,10,400,24,20,53,2.5,55.5,99.5,KK,ME30C1P3c
2Highlander,2Hypoxic,ME45,C1,P2,a,2,106,82,183,27,400,26.5,20.5,45.75,6.75,52.5,99.5,KK,ME45C1P2a
2Highlander,2Hypoxic,ME22,C2,P2,a,2,144,83,159,12,400,36,20.75,39.75,3,42.75,99.5,KK,ME22C2P2a
2Highlander,2Hypoxic,ME24,B1,P1,b,2,101,83,204,10,400,25.25,20.75,51,2.5,53.5,99.5,KK,ME24B1P1b
2Highlander,2Hypoxic,ME45,C1,P1,a,2,133,83,157,25,400,33.25,20.75,39.25,6.25,45.5,99.5,KK,ME45C1P1a
2Highlander,1Normoxic,ME30,C1,P3,a,2,100,84,194,20,400,25,21,48.5,5,53.5,99.5,KK,ME30C1P3a
2Highlander,1Normoxic,ME232,C1b,P1,c,2,126,85,154,33,400,31.5,21.25,38.5,8.25,46.75,99.5,KJ,ME232C1bP1c
2Highlander,2Hypoxic,ME236,A2,P3,a,2,129,85,141,43,400,32.25,21.25,35.25,10.75,46,99.5,KJ,ME236A2P3a
2Highlander,1Normoxic,ME232,C1a,P3,a,2,123,86,153,36,400,30.75,21.5,38.25,9,47.25,99.5,KJ,ME232C1aP3a
2Highlander,2Hypoxic,ME282,C1,P2,c,2,139,86,152,21,400,34.75,21.5,38,5.25,43.25,99.5,KJ,ME282C1P2c
2Highlander,1Normoxic,ME30,C1,P1,c,2,101,86,188,23,400,25.25,21.5,47,5.75,52.75,99.5,KK,ME30C1P1c
2Highlander,2Hypoxic,ME203,A1,P2,c,2,140,87,142,29,400,35,21.75,35.5,7.25,42.75,99.5,KJ,ME203A1P2c
2Highlander,1Normoxic,ME232,C1b,P1,a,2,119,87,170,22,400,29.75,21.75,42.5,5.5,48,99.5,KJ,ME232C1bP1a
2Highlander,1Normoxic,ME232,C1b,P2,a,2,110,87,173,28,400,27.5,21.75,43.25,7,50.25,99.5,KJ,ME232C1bP2a
2Highlander,1Normoxic,ME30,C1,P2,b,2,97,87,191,23,400,24.25,21.75,47.75,5.75,53.5,99.5,KK,ME30C1P2b
2Highlander,2Hypoxic,ME203,A1,P3,a,2,145,88,129,36,400,36.25,22,32.25,9,41.25,99.5,KJ,ME203A1P3a
2Highlander,1Normoxic,ME232,C1a,P2,b,2,85,88,194,31,400,21.25,22,48.5,7.75,56.25,99.5,KJ,ME232C1aP2b
2Highlander,2Hypoxic,ME282,C1,P1,b,2,109,88,173,28,400,27.25,22,43.25,7,50.25,99.5,KJ,ME282C1P1b
2Highlander,2Hypoxic,ME236,B2,P1,b,2,123,89,146,40,400,30.75,22.25,36.5,10,46.5,99.5,KJ,ME236B2P1b
2Highlander,2Hypoxic,ME236,B2,P2,b,2,127,89,155,27,400,31.75,22.25,38.75,6.75,45.5,99.5,KJ,ME236B2P2b
2Highlander,2Hypoxic,ME45,C1,P1,b,2,109,89,173,27,400,27.25,22.25,43.25,6.75,50,99.5,KK,ME45C1P1b
2Highlander,1Normoxic,ME202,C1,P3,b,2,114,90,151,43,400,28.5,22.5,37.75,10.75,48.5,99.5,KJ,ME202C1P3b
2Highlander,1Normoxic,ME208,A1,P1,a,2,78,92,193,35,400,19.5,23,48.25,8.75,57,99.5,KJ,ME208A1P1a
2Highlander,1Normoxic,ME208,A1,P1,c,2,114,92,153,39,400,28.5,23,38.25,9.75,48,99.5,KJ,ME208A1P1c
2Highlander,1Normoxic,ME232,C1b,P3,c,2,125,92,148,33,400,31.25,23,37,8.25,45.25,99.5,KJ,ME232C1bP3c
2Highlander,2Hypoxic,ME282,C1,P1,c,2,112,92,175,19,400,28,23,43.75,4.75,48.5,99.5,KJ,ME282C1P1c
2Highlander,1Normoxic,ME208,A1,P1,b,2,98,93,167,40,400,24.5,23.25,41.75,10,51.75,99.5,KJ,ME208A1P1b
2Highlander,1Normoxic,ME232,C1a,P3,b,2,93,93,177,35,400,23.25,23.25,44.25,8.75,53,99.5,KJ,ME232C1aP3b
2Highlander,2Hypoxic,ME282,C1,P2,a,2,127,93,135,43,400,31.75,23.25,33.75,10.75,44.5,99.5,KJ,ME282C1P2a
2Highlander,2Hypoxic,ME203,A1,P3,b,2,134,94,141,29,400,33.5,23.5,35.25,7.25,42.5,99.5,KJ,ME203A1P3b
2Highlander,1Normoxic,ME232,C1a,P1,a,2,96,94,180,28,400,24,23.5,45,7,52,99.5,KJ,ME232C1aP1a
2Highlander,1Normoxic,ME232,C1a,P1,b,2,94,94,164,46,400,23.5,23.5,41,11.5,52.5,99.5,KJ,ME232C1aP1b
2Highlander,1Normoxic,ME232,C1b,P3,a,2,144,95,141,18,400,36,23.75,35.25,4.5,39.75,99.5,KJ,ME232C1bP3a
2Highlander,2Hypoxic,ME236,B2,P2,c,2,133,95,144,26,400,33.25,23.75,36,6.5,42.5,99.5,KJ,ME236B2P2c
2Highlander,2Hypoxic,ME203,A1,P3,c,2,131,97,135,35,400,32.75,24.25,33.75,8.75,42.5,99.5,KJ,ME203A1P3c
2Highlander,1Normoxic,ME202,C1,P2,b,2,125,98,147,28,400,31.25,24.5,36.75,7,43.75,99.5,KJ,ME202C1P2b
2Highlander,1Normoxic,ME208,A1,P3,c,2,104,98,175,21,400,26,24.5,43.75,5.25,49,99.5,KJ,ME208A1P3c
2Highlander,2Hypoxic,ME236,A2,P3,b,2,114,98,162,24,400,28.5,24.5,40.5,6,46.5,99.5,KJ,ME236A2P3b
2Highlander,2Hypoxic,ME282,C1,P3,b,2,123,98,150,27,400,30.75,24.5,37.5,6.75,44.25,99.5,KJ,ME282C1P3b
2Highlander,1Normoxic,ME40,A1,P2,b,2,82,98,188,30,400,20.5,24.5,47,7.5,54.5,99.5,KJ,ME40A1P2b
2Highlander,2Hypoxic,ME22,C2,P3,b,2,107,99,179,13,400,26.75,24.75,44.75,3.25,48,99.5,KK,ME22C2P3b
2Highlander,2Hypoxic,ME236,B2,P3,b,2,102,99,180,17,400,25.5,24.75,45,4.25,49.25,99.5,KJ,ME236B2P3b
2Highlander,2Hypoxic,ME203,A1,P1,c,2,158,100,120,20,400,39.5,25,30,5,35,99.5,KJ,ME203A1P1c
2Highlander,1Normoxic,ME208,A1,P2,b,2,75,100,172,51,400,18.75,25,43,12.75,55.75,99.5,KJ,ME208A1P2b
2Highlander,1Normoxic,ME208,A1,P3,b,2,83,100,180,35,400,20.75,25,45,8.75,53.75,99.5,KJ,ME208A1P3b
2Highlander,1Normoxic,ME232,C1a,P2,c,2,78,100,190,30,400,19.5,25,47.5,7.5,55,99.5,KJ,ME232C1aP2c
2Highlander,2Hypoxic,ME236,B2,P1,c,2,121,100,145,32,400,30.25,25,36.25,8,44.25,99.5,KJ,ME236B2P1c
2Highlander,2Hypoxic,ME10,C2,P2,b,2,85,101,199,13,400,21.25,25.25,49.75,3.25,53,99.5,KK,ME10C2P2b
2Highlander,1Normoxic,ME232,C1a,P1,c,2,76,101,188,33,400,19,25.25,47,8.25,55.25,99.5,KJ,ME232C1aP1c
2Highlander,2Hypoxic,ME236,A2,P2,c,2,123,102,144,29,400,30.75,25.5,36,7.25,43.25,99.5,KJ,ME236A2P2c
2Highlander,1Normoxic,ME40,A1,P2,a,2,71,102,181,44,400,17.75,25.5,45.25,11,56.25,99.5,KJ,ME40A1P2a
2Highlander,2Hypoxic,ME203,A1,P2,a,2,143,103,130,22,400,35.75,25.75,32.5,5.5,38,99.5,KJ,ME203A1P2a
2Highlander,1Normoxic,ME208,A1,P2,a,2,106,104,149,39,400,26.5,26,37.25,9.75,47,99.5,KJ,ME208A1P2a
2Highlander,1Normoxic,ME208,A1,P3,a,2,82,104,173,39,400,20.5,26,43.25,9.75,53,99.5,KJ,ME208A1P3a
2Highlander,1Normoxic,ME232,C1a,P2,a,2,108,104,154,32,400,27,26,38.5,8,46.5,99.5,KJ,ME232C1aP2a
2Highlander,1Normoxic,ME232,C1b,P1,b,2,94,104,169,31,400,23.5,26,42.25,7.75,50,99.5,KJ,ME232C1bP1b
2Highlander,1Normoxic,ME232,C1b,P3,b,2,84,105,173,36,400,21,26.25,43.25,9,52.25,99.5,KJ,ME232C1bP3b
2Highlander,1Normoxic,ME40,A1,P1,a,2,96,105,148,49,400,24,26.25,37,12.25,49.25,99.5,KJ,ME40A1P1a
2Highlander,1Normoxic,ME40,A1,P2,c,2,85,105,180,28,400,21.25,26.25,45,7,52,99.5,KJ,ME40A1P2c
2Highlander,1Normoxic,ME40,A1,P3,b,2,107,106,156,29,400,26.75,26.5,39,7.25,46.25,99.5,KJ,ME40A1P3b
2Highlander,1Normoxic,ME232,C1b,P2,b,2,74,107,176,41,400,18.5,26.75,44,10.25,54.25,99.5,KJ,ME232C1bP2b
2Highlander,2Hypoxic,ME236,A2,P1,b,2,117,107,160,14,400,29.25,26.75,40,3.5,43.5,99.5,KJ,ME236A2P1b
2Highlander,2Hypoxic,ME282,C1,P1,a,2,114,107,148,29,400,28.5,26.75,37,7.25,44.25,99.5,KJ,ME282C1P1a
2Highlander,2Hypoxic,ME282,C1,P2,b,2,134,108,140,16,400,33.5,27,35,4,39,99.5,KJ,ME282C1P2b
2Highlander,1Normoxic,ME208,A1,P2,c,2,82,109,174,33,400,20.5,27.25,43.5,8.25,51.75,99.5,KJ,ME208A1P2c
2Highlander,2Hypoxic,ME236,A2,P2,a,2,116,110,144,28,400,29,27.5,36,7,43,99.5,KJ,ME236A2P2a
2Highlander,2Hypoxic,ME236,A2,P3,c,2,107,110,142,39,400,26.75,27.5,35.5,9.75,45.25,99.5,KJ,ME236A2P3c
2Highlander,2Hypoxic,ME282,C1,P3,c,2,110,111,145,32,400,27.5,27.75,36.25,8,44.25,99.5,KJ,ME282C1P3c
2Highlander,2Hypoxic,ME243,B2,P3,c,2,86,113,179,20,400,21.5,28.25,44.75,5,49.75,99.5,KJ,ME243B2P3c
2Highlander,2Hypoxic,ME243,B2,P3,b,2,44,114,211,29,400,11,28.5,52.75,7.25,60,99.5,KJ,ME243B2P3b
2Highlander,2Hypoxic,ME282,C1,P3,a,2,104,116,148,30,400,26,29,37,7.5,44.5,99.5,KJ,ME282C1P3a
2Highlander,1Normoxic,ME40,A1,P3,c,2,103,116,135,44,400,25.75,29,33.75,11,44.75,99.5,KJ,ME40A1P3c
2Highlander,2Hypoxic,ME243,B2,P2,b,2,55,118,177,48,400,13.75,29.5,44.25,12,56.25,99.5,KJ,ME243B2P2b
2Highlander,1Normoxic,ME40,A1,P1,c,2,91,119,163,25,400,22.75,29.75,40.75,6.25,47,99.5,KJ,ME40A1P1c
2Highlander,2Hypoxic,ME236,A2,P1,a,2,86,122,168,22,400,21.5,30.5,42,5.5,47.5,99.5,KJ,ME236A2P1a
2Highlander,2Hypoxic,ME243,B2,P2,a,2,62,124,189,23,400,15.5,31,47.25,5.75,53,99.5,KJ,ME243B2P2a
2Highlander,2Hypoxic,ME243,B2,P2,c,2,77,125,167,29,400,19.25,31.25,41.75,7.25,49,99.5,KJ,ME243B2P2c
2Highlander,2Hypoxic,ME243,B2,P3,a,2,53,125,193,27,400,13.25,31.25,48.25,6.75,55,99.5,KJ,ME243B2P3a
2Highlander,2Hypoxic,ME243,B2,P1,a,2,87,126,161,24,400,21.75,31.5,40.25,6,46.25,99.5,KJ,ME243B2P1a
2Highlander,1Normoxic,ME40,A1,P1,b,2,76,127,172,23,400,19,31.75,43,5.75,48.75,99.5,KJ,ME40A1P1b
2Highlander,1Normoxic,ME40,A1,P3,a,2,62,128,173,35,400,15.5,32,43.25,8.75,52,99.5,KJ,ME40A1P3a
2Highlander,2Hypoxic,ME236,A2,P1,c,2,83,139,155,21,400,20.75,34.75,38.75,5.25,44,99.5,KJ,ME236A2P1c
2Highlander,2Hypoxic,ME243,B2,P1,b,2,59,162,140,37,400,14.75,40.5,35,9.25,44.25,99.5,KJ,ME243B2P1b
